municipality_slug,title,program_type,life_event,target,amount,benefit,application,condition,official_url,reliability,verified_date
hinohara,手話通訳者等派遣事業,service,elderly_care,聴覚障害者及び言語障害者,派遣費用は村が負担（外出に伴う交通費は利用者負担）,家庭生活・社会生活で支障がある場合に手話通訳者等を派遣する意思疎通支援事業,やすらぎの里 福祉けんこう課へ申請,家庭生活・社会生活を営む上で支障がある場合に利用できる,https://www.vill.hinohara.tokyo.jp/cmsfiles/contents/0000001/1124/syougai-r5.pdf,reviewed,2026-07-25
hinohara,身体障害者用自動車改造費の助成,subsidy,elderly_care,18歳以上で身体障害者手帳の上肢・下肢・体幹機能障害1・2級の方,1台につき133900円を上限に助成,就労等に伴い必要となる自動車の改造費を助成,やすらぎの里 福祉けんこう課へ申請,就労等で自動車の改造が必要な方。所得制限あり,https://www.vill.hinohara.tokyo.jp/cmsfiles/contents/0000001/1124/syougai-r5.pdf,reviewed,2026-07-25
hinohara,ヘルプカード配布事業,service,elderly_care,村内在住で身体・知的・精神障害のある方、難病の方等,ヘルプカードと専用ホルダーを無料配布,日常生活や緊急時に支援を必要とする方へヘルプカードを配布,やすらぎの里 福祉けんこう課窓口で配布（郵送希望も可）,日常生活・緊急時に支援を必要とする方が対象,https://www.vill.hinohara.tokyo.jp/0000000184.html,reviewed,2026-07-25
hinohara,やすらぎの湯温泉宅配事業,service,elderly_care,75歳以上/70歳以上のみ世帯、身障1・2級・愛1・2度の方の世帯、児童育成手当障害手当受給世帯、要介護3以上の方の世帯 等,該当世帯は無料で温泉水を自宅まで宅配,対象世帯へ温泉水を自宅まで宅配する村独自の生活支援,やすらぎの里 福祉けんこう課へ申請,檜原村に住所を有し無料対象条件を満たす世帯,https://www.vill.hinohara.tokyo.jp/cmsfiles/contents/0000001/1124/syougai-r5.pdf,reviewed,2026-07-25
hinohara,身体障害者（児）住宅設備改善費給付事業,subsidy,elderly_care,重度の身体障害者(児)。村内在住おおむね6歳以上65歳未満が中心,居宅生活動作補助用具200000円／中規模改修641000円／屋内移動設備979000円＋設備費353000円（利用者負担は原則1割）,重度身体障害者(児)の住宅設備改善（手すり・改修・屋内移動設備等）の費用を給付,やすらぎの里 福祉けんこう課へ申請,下肢・体幹の等級等により対象。介護保険住宅改修対象者は屋内移動設備を除き対象外,https://www.vill.hinohara.tokyo.jp/cmsfiles/contents/0000001/1124/syougai-r5.pdf,reviewed,2026-07-25
hinohara,中等度難聴児発達支援事業,subsidy,childcare,身体障害者手帳の交付対象とならない中等度難聴児（村内在住18歳未満）,基準額137000円と補聴器購入費の少ない方の9/10（生活保護・低所得世帯は10/10）,言語習得等のため中等度難聴児の補聴器購入費を助成,やすらぎの里 福祉けんこう課へ申請,両耳の聴力レベルが概ね30dB以上で補聴器装用の効果が見込めると医師が判断。世帯の所得割46万円以上は対象外,https://www.vill.hinohara.tokyo.jp/cmsfiles/contents/0000001/1124/syougai-r5.pdf,reviewed,2026-07-25
hinohara,移動支援事業,service,elderly_care,村内在住で障害者手帳の交付を受けている方、精神・高次脳機能障害の方、難病患者 等,サービス料の原則1割の定率負担（所得により月額上限あり）,社会参加のための外出時に移動を支援する地域生活支援事業,やすらぎの里 福祉けんこう課へ申請,社会生活上必要な外出・余暇活動が対象。通勤・通学等の通年長期の外出、行動援護等の利用者は対象外,https://www.vill.hinohara.tokyo.jp/cmsfiles/contents/0000001/1124/syougai-r5.pdf,reviewed,2026-07-25
hinohara,ごみ収集支援事業,service,elderly_care,ごみ出しが困難な障害者・高齢者等,ごみ・資源を玄関先まで無料で訪問収集,ごみ出しが困難な世帯の玄関先までごみを収集に伺う村独自の支援,産業環境課 生活環境係へ申請,自らごみを排出困難で近隣等の協力を得られない、要支援・要介護65歳以上の独居/高齢者のみ世帯、障害者独居/障害者のみ世帯 等,https://www.vill.hinohara.tokyo.jp/cmsfiles/contents/0000001/1124/syougai-r5.pdf,reviewed,2026-07-25
hinohara,買い物支援事業,service,elderly_care,おおむね65歳以上のみの世帯、身体障害者手帳1・2級の方 等,注文した商品を協力店が自宅まで配送,買い物が困難な世帯へ協力店が商品を配送する村独自の生活支援,やすらぎの里 福祉けんこう課へ申請,村長が特に必要と認めた方を含む,https://www.vill.hinohara.tokyo.jp/cmsfiles/contents/0000001/1124/syougai-r5.pdf,reviewed,2026-07-25
